Legnépszerűbb oldalak,Kattintások,Megjelenések,CTR,Elhelyezkedés
https://spendnote.app/,3,22,13.64%,10.95
https://spendnote.app/petty-cash-voucher-template,2,378,0.53%,53.61
https://spendnote.app/cash-handoff-receipt,2,41,4.88%,15.88
https://spendnote.app/cash-drawer-reconciliation,1,175,0.57%,26.25
https://spendnote.app/daily-cash-report-template,1,60,1.67%,45.5
https://spendnote.app/school-money-collection-tracker,1,7,14.29%,15.43
https://spendnote.app/cash-receipt-template,0,584,0%,68.2
https://spendnote.app/petty-cash-voucher-sample,0,166,0%,57.13
https://spendnote.app/petty-cash-log-template,0,136,0%,46.33
https://spendnote.app/what-is-petty-cash,0,132,0%,75.2
https://spendnote.app/how-to-manage-petty-cash-small-business,0,91,0%,75.78
https://spendnote.app/employee-cash-advance-receipt,0,69,0%,16.57
https://spendnote.app/cash-refund-receipt,0,69,0%,18.42
https://spendnote.app/cash-payment-received-proof,0,69,0%,52.93
https://spendnote.app/petty-cash-reconciliation,0,66,0%,65.09
https://spendnote.app/petty-cash-receipt-generator,0,55,0%,21.58
https://spendnote.app/petty-cash-how-much-to-keep,0,50,0%,12.86
https://spendnote.app/cash-deposit-receipt,0,46,0%,56.28
https://spendnote.app/babysitter-cash-payment-receipt,0,36,0%,8.47
https://spendnote.app/contractor-advance-payment-receipt,0,34,0%,24.71
https://spendnote.app/handyman-cash-payment-receipt,0,31,0%,41.16
https://spendnote.app/event-cash-handling,0,28,0%,10.79
https://spendnote.app/how-to-track-cash-payments,0,23,0%,22
https://spendnote.app/petty-cash-does-not-balance,0,22,0%,51.77
https://spendnote.app/tutor-cash-payment-receipt,0,20,0%,9.4
https://spendnote.app/petty-cash-replenishment-form,0,19,0%,44.42
https://spendnote.app/small-business-cash-receipt,0,17,0%,44.24
https://spendnote.app/petty-cash-audit-checklist,0,16,0%,31.25
https://spendnote.app/custom-cash-receipt-with-logo,0,13,0%,14.92
https://spendnote.app/where-to-keep-petty-cash,0,13,0%,23.38
https://spendnote.app/digital-petty-cash-book,0,12,0%,11.67
https://spendnote.app/cash-discrepancy-between-shifts,0,11,0%,20
https://spendnote.app/two-person-cash-count-policy,0,10,0%,5.1
https://spendnote.app/digital-receipt-book,0,10,0%,35.2
https://spendnote.app/petty-cash-app-vs-excel,0,8,0%,35.38
https://spendnote.app/petty-cash-security-tips,0,7,0%,10
https://spendnote.app/how-to-fill-out-petty-cash-voucher,0,6,0%,29
https://spendnote.app/office-expense-reimbursement-form,0,6,0%,37.83
https://spendnote.app/spendnote-faq,0,5,0%,2.6
https://spendnote.app/cash-count-sheet-template,0,4,0%,36.25
https://www.spendnote.app/spendnote-faq,0,3,0%,4.67
https://spendnote.app/who-took-money-from-cash-box,0,3,0%,8.67
https://spendnote.app/cash-paid-out-log,0,3,0%,23.67
https://spendnote.app/assets/images/seo/petty-cash-receipt-generator/print-two-copy-receipt.png,0,3,0%,28.33
https://spendnote.app/manage-petty-cash-remotely,0,2,0%,6.5
https://spendnote.app/spendnote-resources,0,2,0%,62.5
https://spendnote.app/petty-cash-policy-template,0,1,0%,17
https://spendnote.app/construction-site-petty-cash,0,1,0%,18
https://spendnote.app/assets/images/seo/contractor/contractor-advance-payment-print-receipt.png,0,1,0%,23
https://spendnote.app/assets/images/seo/spendnote-cash-receipt-printable-proof-of-cash-handoff.webp,0,1,0%,39